"t","a_x","a_y","a_z","a_abs"
8.626666677E-4,7.454498291E-2,9.397457886E0,-2.595602417E-1,9.401337308E0
1.094166667E-2,3.085084534E-1,9.451794891E0,-6.721023560E-2,9.457067270E0
2.102166667E-2,3.746708679E-1,9.404792633E0,4.055067444E-1,9.420983943E0
3.110066667E-2,2.418969727E-1,9.290280762E0,8.376580811E-1,9.331103999E0
4.117966667E-2,-1.453477478E-1,9.056466980E0,1.149759064E0,9.130315768E0
5.125866667E-2,-4.730163574E-1,8.845854950E0,1.252295837E0,8.946571362E0
6.133866668E-2,-4.406835938E-1,8.787326660E0,1.217717743E0,8.882237802E0
7.141766668E-2,-6.047424316E-2,8.894503784E0,1.066232758E0,8.958387522E0
8.149666668E-2,2.664459229E-2,8.924441528E0,8.044271851E-1,8.960662343E0
9.157666669E-2,4.370910645E-1,8.772956543E0,4.062551880E-1,8.793227984E0
1.016556667E-1,3.372486877E-1,8.784781952E0,4.951702881E-1,8.805187348E0
1.117346667E-1,4.174818420E-1,8.717721405E0,1.292711792E0,8.822928163E0
1.218136667E-1,6.231541443E-1,9.057215424E0,1.436862030E0,9.191629062E0
1.318936667E-1,1.996847534E-1,9.270671539E0,1.452279968E0,9.385858613E0
1.419726667E-1,-2.389031982E-1,9.274862823E0,1.675465851E0,9.428008324E0
1.520516667E-1,-6.698570251E-1,9.414672089E0,1.750310211E0,9.599392939E0
1.621316667E-1,-1.079255676E0,9.508826294E0,2.026785278E0,9.782148479E0
1.722106667E-1,-1.530267792E0,9.561367035E0,1.965562592E0,9.880531129E0
1.822896667E-1,-1.909878387E0,9.995314636E0,1.367107086E0,1.026756699E1
1.923696667E-1,-2.047142944E0,1.094149704E1,1.450184326E0,1.122542588E1
2.024486667E-1,-1.385818176E0,1.224348953E1,1.814376984E0,1.245453700E1
2.125276667E-1,-7.505392456E-1,1.410786255E1,2.205962677E0,1.429899878E1
2.226066667E-1,3.353027344E-2,1.535521866E1,2.515818329E0,1.555998735E1
2.326866667E-1,3.731739807E-1,1.587703354E1,2.628833313E0,1.609752209E1
2.427656667E-1,-2.314187622E-1,1.591969482E1,2.588716736E0,1.613045853E1
2.528446667E-1,-9.508227539E-1,1.555490341E1,2.291285248E0,1.575147841E1
2.629246667E-1,-1.711391144E0,1.524998749E1,1.311572571E0,1.540166227E1
2.730036667E-1,-1.983225861E0,1.529654068E1,1.866618347E-1,1.542569882E1
2.830826667E-1,-1.802102509E0,1.587658447E1,-4.472698975E-1,1.598479147E1
2.931616667E-1,-1.294208679E0,1.625394974E1,-8.032296753E-1,1.632516573E1
3.032416667E-1,-4.996609497E-1,1.620889343E1,-2.041155396E0,1.634454657E1
3.133206667E-1,-3.405418396E-1,1.655647064E1,-2.354753265E0,1.672655230E1
3.233996667E-1,-3.652404785E-1,1.615380798E1,-4.366419983E-1,1.616383523E1
3.334796667E-1,-4.255650330E-1,1.563917816E1,-4.737648010E-1,1.565213890E1
3.435586667E-1,-4.050576782E-1,1.467907471E1,-6.646179199E-1,1.469969466E1
3.536376667E-1,-3.255729675E-1,1.375459717E1,-2.032772827E-1,1.375995140E1
3.637166667E-1,-2.769241333E-1,1.326227097E1,1.075962524E0,1.330872697E1
3.737966667E-1,-3.129991150E-1,1.260977783E1,2.708916779E0,1.290126721E1
3.838756667E-1,-7.614665222E-1,1.117426300E1,3.607348480E0,1.176677305E1
3.939546667E-1,-1.067130890E0,9.185947723E0,3.423381042E0,9.861031471E0
4.040346667E-1,-8.937913513E-1,7.304809570E0,2.659968567E0,7.825250067E0
4.141136667E-1,-3.802093506E-1,5.740263062E0,1.938468933E0,6.070654081E0
4.241926667E-1,-7.514373779E-2,4.424648895E0,1.511856079E0,4.676416709E0
4.342716667E-1,-9.131011963E-2,3.474574585E0,9.548643494E-1,3.604548794E0
4.443516667E-1,-1.722917175E-1,2.791694641E0,9.937834167E-1,2.968307411E0
4.544306667E-1,-9.595046997E-2,2.139500885E0,1.536105652E0,2.635581739E0
4.645096667E-1,8.262817383E-2,1.551673279E0,1.468895416E0,2.138263577E0
4.745896667E-1,1.689985657E-1,9.455836487E-1,5.715115356E-1,1.117727331E0
4.846686667E-1,1.781295776E-2,3.359014893E-1,-6.069877625E-1,6.939605578E-1
4.947476667E-1,5.179229736E-2,7.664062500E-2,-1.300046539E0,1.303333124E0
5.048266667E-1,2.083666992E-1,-1.886077881E-1,-1.611698456E0,1.636020016E0
5.149066667E-1,7.559280396E-2,1.332229614E-1,-1.152752838E0,1.162885091E0
5.249856667E-1,2.598596191E-1,7.756869507E-1,-1.889071655E-1,8.395851263E-1
5.350646667E-1,5.722599792E-1,8.307723999E-1,3.909869385E-1,1.081912681E0
5.451446667E-1,6.251000977E-1,5.935157776E-1,5.968089294E-1,1.048423583E0
5.552236667E-1,6.379733276E-1,4.343966675E-1,6.830296326E-1,1.030650237E0
5.653026667E-1,5.980064392E-1,5.035528564E-1,6.926097107E-1,1.044454591E0
5.753826667E-1,5.613327026E-1,7.331753540E-1,6.514453125E-1,1.130053759E0
5.854616667E-1,3.995191956E-1,1.164129181E0,6.029461670E-1,1.370531436E0
5.955406667E-1,7.783813477E-2,1.647623749E0,4.212240601E-1,1.702396106E0
6.056196667E-1,-3.908372498E-1,2.245630188E0,-8.741821289E-2,2.281063489E0
6.156996667E-1,-6.962022400E-1,3.314407654E0,-3.439846802E-1,3.404162322E0
6.257786667E-1,-8.705895996E-1,4.927153931E0,-1.920506287E-1,5.007160428E0
6.358576667E-1,-8.960366821E-1,6.880442047E0,-4.915777588E-1,6.955933668E0
6.459376667E-1,-1.081650696E0,9.443262634E0,-1.538800049E0,9.628763316E0
6.560166667E-1,-9.770182800E-1,1.274629395E1,-2.869682465E0,1.310181863E1
6.660956667E-1,-7.912545776E-1,1.640528503E1,-3.583098907E0,1.681065313E1
6.761746667E-1,-1.197360077E0,2.056708054E1,-3.385958862E0,2.087829472E1
6.862546667E-1,-1.859882355E0,2.443892899E1,-1.970202942E0,2.458865820E1
6.963336667E-1,-2.200124817E0,2.732103561E1,-1.604663086E-1,2.740994866E1
7.064126667E-1,-2.188149719E0,2.915457275E1,4.637356567E-1,2.924024901E1
7.164926667E-1,-1.463506622E0,2.928614914E1,8.469387817E-1,2.933492268E1
7.265716667E-1,-1.473835144E0,2.938015366E1,8.646020508E-1,2.942980047E1
7.366506667E-1,-1.522334290E0,2.895054703E1,6.800358582E-1,2.899851934E1
7.467306667E-1,-1.458716583E0,2.891686707E1,1.377285919E0,2.898637562E1
7.568096667E-1,-1.548679504E0,2.863290756E1,3.231629791E0,2.885628588E1
7.668886667E-1,-1.994302826E0,2.716640717E1,4.661306763E0,2.763546097E1
7.769676667E-1,-2.200124817E0,2.426424225E1,3.835474091E0,2.466383714E1
7.870476667E-1,-1.824855194E0,2.056184143E1,1.681453400E0,2.071102858E1
7.971266667E-1,-1.036145325E0,1.701646408E1,8.382568359E-3,1.704798279E1
8.072056667E-1,-6.261479187E-1,1.328637085E1,-1.485810242E0,1.338384637E1
8.172856667E-1,-5.468128967E-1,9.268575897E0,-2.176324310E0,9.536345789E0
8.273646667E-1,-2.685415649E-1,5.817652130E0,-2.383493500E0,6.292712622E0
8.374436667E-1,-2.818638611E-1,2.528392181E0,-2.484683075E0,3.556102395E0
8.475226667E-1,-3.095562744E-1,-9.580078125E-2,-1.770518188E0,1.799927091E0
8.576026667E-1,-8.378077698E-1,-1.543290710E0,-6.448590088E-1,1.870698056E0
8.676816667E-1,-8.795709229E-1,-2.053130493E0,-1.038839722E-1,2.236019166E0
8.777606667E-1,-4.802014160E-1,-2.184856567E0,-6.975494385E-1,2.343238537E0
8.878406667E-1,-3.137475586E-1,-2.005978546E0,-1.843266907E0,2.742265550E0
8.979196667E-1,-5.972579956E-2,-1.803749084E0,-2.218835907E0,2.860124248E0
9.079986667E-1,7.020401001E-2,-1.440005493E0,-1.847607880E0,2.343544175E0
9.180776667E-1,1.853146362E-1,-9.422904968E-1,-1.188528442E0,1.528022498E0
9.281576667E-1,3.823049927E-1,-5.975573730E-1,-7.000941467E-1,9.966763446E-1
9.382364167E-1,6.210585022E-1,-5.132826233E-1,-2.932402039E-1,8.574161951E-1
9.483154167E-1,7.099736023E-1,-3.589535522E-1,2.727328491E-1,8.410073576E-1
9.583954167E-1,6.343807983E-1,-1.441502380E-1,1.034947815E0,1.222430067E0
9.684744167E-1,2.152523804E-1,-1.179547119E-1,1.504221954E0,1.524116331E0
9.785534167E-1,-1.402583313E-1,-1.661544800E-1,1.722917175E0,1.736583803E0
9.886324167E-1,-1.698966980E-1,-2.619552612E-2,1.760938110E0,1.769308939E0
9.987124167E-1,-2.200424194E-2,2.191442871E-1,1.453926544E0,1.470513788E0
1.008791417E0,-3.891906738E-2,3.980223083E-1,7.129673767E-1,8.174710588E-1
1.018870417E0,-2.799179077E-2,8.704399109E-1,2.863545227E-1,9.167595603E-1
1.028950417E0,8.906478882E-2,1.354383545E0,2.360591125E-1,1.377683283E0
1.039029417E0,1.823208618E-1,1.756746826E0,1.682501221E-1,1.774178236E0
1.049108417E0,1.601669312E-1,2.299667816E0,1.621128845E-1,2.310931868E0
1.059188417E0,1.811233521E-2,3.326532440E0,1.609153748E-1,3.330471422E0
1.069267417E0,-2.110610962E-2,4.763095093E0,1.953437805E-1,4.767145847E0
1.079346417E0,1.070274353E-1,6.911577301E0,1.362167358E-2,6.912419346E0
1.089425417E0,-1.869612122E-1,9.491612091E0,-7.961943054E-1,9.526782246E0
1.099505417E0,-7.137158203E-1,1.229288681E1,-2.037712555E0,1.248105480E1
1.109584417E0,-1.215472412E0,1.578587311E1,-3.214714966E0,1.615566635E1
1.119663417E0,-1.280287628E0,2.004736130E1,-4.087549896E0,2.049985111E1
1.129743417E0,-1.304387512E0,2.478800308E1,-3.943998413E0,2.513367556E1
1.139822417E0,-2.516566772E0,2.925531326E1,-1.516346741E0,2.940247897E1
1.149901417E0,-3.409459991E0,3.191049179E1,9.274713135E-1,3.210551521E1
1.159980417E0,-2.961142273E0,3.214295837E1,2.004781036E0,3.234126286E1
1.170060417E0,-1.892065430E0,3.179163895E1,1.209784241E0,3.187086124E1
1.180139417E0,-9.868977356E-1,3.171155548E1,4.085005188E-1,3.172953814E1
1.190218417E0,-5.427713013E-1,3.190465393E1,1.873054962E0,3.196419681E1
1.200298417E0,-5.173242188E-1,3.194656677E1,5.410199432E0,3.240557068E1
1.210377417E0,-9.418414307E-1,2.997157379E1,7.204967194E0,3.083980955E1
1.220456417E0,-1.071920929E0,2.595782043E1,5.555996246E0,2.656739638E1
1.230536417E0,-7.203021240E-1,2.183449493E1,3.178789673E0,2.207642879E1
1.240615417E0,-4.143383789E-1,1.787687485E1,1.818418579E0,1.797389709E1
1.250694417E0,-6.991960144E-1,1.370759491E1,-3.562591553E-2,1.372546183E1
1.260773417E0,-1.193468170E0,9.654623108E0,-1.440155182E0,9.834132426E0
1.270853417E0,-1.751956787E0,6.165977783E0,-1.407672729E0,6.562787298E0
1.280932417E0,-1.741628265E0,1.388961639E0,-6.698570251E-1,2.326196871E0
1.291011417E0,-1.138532410E0,-2.946772156E0,-3.353027344E-1,3.176814459E0
1.301091417E0,-1.873354340E0,-4.360133057E0,-4.752616882E-1,4.769286155E0
1.311170417E0,-1.619482269E0,-4.851561127E0,-1.075363770E0,5.226545267E0
1.321249417E0,-6.929090881E-1,-5.189707947E0,-1.517693939E0,5.451292184E0
1.331328417E0,-2.055226135E-1,-5.040468292E0,-2.872975616E0,5.805389655E0
1.341408417E0,1.781295776E-2,-4.426744537E0,-4.340673523E0,6.199825089E0
1.351487417E0,5.390290833E-1,-3.144810333E0,-4.357139282E0,5.400467305E0
1.361566417E0,1.099912720E0,-1.189276886E0,-2.217339020E0,2.746048039E0
1.371646417E0,1.664388885E0,6.855743408E-1,1.076710968E0,2.097500667E0
1.381725417E0,1.561552734E0,2.396067352E0,3.944447479E0,4.872191664E0
1.391804417E0,1.465302887E0,2.996169434E0,5.284610596E0,6.249100173E0
1.401884417E0,1.527274017E0,2.882406006E0,4.919669495E0,5.902878810E0
1.411963417E0,1.673519897E0,2.727777557E0,3.419788513E0,4.683630293E0
1.422042417E0,1.767674103E0,2.451003113E0,2.113904114E0,3.687909787E0
1.432121417E0,1.485211487E0,2.133213959E0,1.251846771E0,2.885060709E0
1.442201417E0,7.096742249E-1,1.570084991E0,6.846762085E-1,1.854072786E0
1.452280417E0,-1.257385254E-1,1.069525909E0,1.691482544E-2,1.077024586E0
1.462359417E0,-6.236032104E-1,5.748046875E-1,-7.559280396E-1,1.136093567E0
1.472439417E0,-1.035995636E0,2.923420715E-1,-1.250649261E0,1.650113457E0
1.482518417E0,-1.090781708E0,3.665876770E-1,-1.310225372E0,1.743812428E0
1.492597417E0,-8.508306885E-1,8.116122437E-1,-1.166224823E0,1.656112204E0
1.502677417E0,-2.427951050E-1,1.587748260E0,-8.966354370E-1,1.839524153E0
1.512756417E0,4.270619202E-1,2.472857666E0,-3.721261597E-1,2.536904570E0
1.522835417E0,8.747808838E-1,3.354973297E0,-3.047662354E-1,3.480512876E0
1.532914417E0,1.427281952E0,4.314028931E0,-6.408174133E-1,4.588967895E0
1.542994417E0,1.708097992E0,5.860313416E0,-9.740245056E-1,6.181391091E0
1.553073417E0,9.773176575E-1,8.203390961E0,-1.653461609E0,8.425242332E0
1.563152417E0,5.508544922E-2,1.140298737E1,-2.605481873E0,1.169699496E1
1.573232417E0,-7.517367554E-1,1.557092010E1,-3.675456848E0,1.601648039E1
1.583311417E0,-1.517993317E0,2.120460480E1,-4.493655396E0,2.172861034E1
1.593390417E0,-1.821412354E0,2.874906601E1,-3.947590942E0,2.907593186E1
1.603469417E0,-2.579436035E0,3.639711182E1,3.128494263E-2,3.648841210E1
1.613549417E0,-3.654350739E0,3.935496094E1,4.212839355E0,3.974814769E1
1.623628417E0,-5.013374634E0,3.702161316E1,5.745651855E0,3.779876032E1
1.633707417E0,-5.290149078E0,3.463138367E1,3.133284302E0,3.517294248E1
1.643787417E0,-4.784500580E0,3.509736465E1,3.040177917E0,3.555220293E1
1.653866417E0,-4.584666138E0,3.580464386E1,8.289761353E0,3.703662821E1
1.663945417E0,-4.047583008E0,3.316159012E1,1.072220306E1,3.508617428E1
1.674025417E0,-2.795736237E0,2.884845932E1,9.113498383E0,3.038265293E1
1.684104417E0,-1.127754822E0,2.419733139E1,5.639372864E0,2.487137318E1
1.694183417E0,-1.883084106E-1,1.951461914E1,2.929857330E0,1.973423128E1
1.704262417E0,-1.706451416E-1,1.428793808E1,1.065035248E0,1.432859360E1
1.714342417E0,-5.927673340E-1,9.447753296E0,-1.473386078E0,9.580306988E0
1.724421417E0,-1.444795532E0,5.155578918E0,-2.912493439E0,6.095083768E0
1.734500417E0,-1.821861420E0,1.394949188E0,-2.876867523E0,3.679868070E0
1.744580417E0,-2.062261505E0,-1.915566559E0,-2.771187286E0,3.949910978E0
1.754659417E0,-1.586700439E0,-4.457730103E0,-2.966680756E0,5.584816081E0
1.764738417E0,-1.199455719E0,-4.522395630E0,-3.321742401E0,5.738007392E0
1.774818417E0,-7.069798279E-1,-4.122876434E0,-3.149151306E0,5.235941608E0
1.784897417E0,-2.625540161E-1,-3.279380493E0,-2.236798553E0,3.978258262E0
1.794976417E0,1.678010559E-1,-2.164498901E0,-1.131796417E0,2.448300598E0
1.805055417E0,4.258644104E-1,-1.649569702E0,-8.262817383E-2,1.705657678E0
1.815135417E0,6.078858948E-1,-1.445543976E0,6.966513062E-1,1.715938720E0
1.825214417E0,8.288264465E-1,-1.250200195E0,1.248553619E0,1.951624950E0
1.835293417E0,9.611512756E-1,-9.825567627E-1,1.894909515E0,2.340921109E0
1.845373417E0,9.415420532E-1,-6.822811890E-1,2.436782684E0,2.699984983E0
1.855452417E0,7.908055115E-1,-5.364843750E-1,2.693349152E0,2.857852077E0
1.865531417E0,5.786965942E-1,-6.367758179E-1,2.425106964E0,2.573230844E0
1.875610417E0,2.869532776E-1,-9.753717041E-1,1.644330597E0,1.933265439E0
1.885690417E0,-7.110214233E-2,-1.381926270E0,6.048921204E-1,1.510188798E0
1.895769417E0,-3.073109436E-1,-1.646276550E0,-9.041198730E-2,1.677152594E0
1.905848417E0,-4.007167053E-1,-1.535057831E0,-6.920109558E-1,1.730854004E0
1.915928417E0,-3.725752258E-1,-1.234333191E0,-1.302591248E0,1.832794228E0
1.926007417E0,-3.426374817E-1,-5.912704468E-1,-1.409618683E0,1.566533120E0
1.936086417E0,-4.388873291E-1,3.893403625E-1,-8.813671875E-1,1.058780489E0
1.946166208E0,-6.393205261E-1,1.559756470E0,4.909790039E-2,1.686410859E0
1.956245208E0,-7.200027466E-1,2.768642578E0,5.516029358E-1,2.913426072E0
1.966324208E0,-4.574487305E-1,3.965254211E0,5.273533630E-1,4.026239172E0
1.976403208E0,-1.273851013E-1,5.507347412E0,4.340972900E-1,5.525897478E0
1.986483208E0,1.772314453E-1,7.888445892E0,-8.532257080E-3,7.890441203E0
1.996562208E0,4.245172119E-1,1.096020813E1,-1.225800934E0,1.103670988E1
2.006641208E0,3.966751099E-1,1.491842697E1,-3.068618774E0,1.523591926E1
2.016721208E0,2.580633545E-1,1.995739838E1,-4.653073883E0,2.049427830E1
2.026800208E0,-1.237925720E-1,2.641856232E1,-5.754782867E0,2.703836691E1
2.036879208E0,-9.101074219E-1,3.356350433E1,-4.390968933E0,3.386174430E1
2.046958208E0,-2.251917114E0,3.920766724E1,-6.349795532E-1,3.927741717E1
2.057038208E0,-2.613864441E0,4.038377151E1,3.798500977E0,4.064615478E1
2.067117208E0,-2.531685333E0,3.880710022E1,6.015839996E0,3.935213830E1
2.077196208E0,-2.295626221E0,3.721725632E1,2.720442810E0,3.738709505E1
2.087276208E0,-2.628833313E0,3.578159180E1,3.348536682E-1,3.587959313E1
2.097355208E0,-4.003275146E0,3.401122330E1,2.910996552E0,3.436951299E1
2.107434208E0,-4.512665863E0,3.151576263E1,5.311853943E0,3.227728675E1
2.117514208E0,-3.054248657E0,2.774495407E1,5.512885895E0,2.845176308E1
2.127593208E0,-2.169139252E0,2.258159134E1,2.496957550E0,2.282253775E1
2.137672208E0,-2.779569855E0,1.591415634E1,4.821473694E-1,1.616226614E1
2.147751208E0,1.389111328E-1,1.293445267E1,-8.020321655E-1,1.296003926E1
2.157831208E0,-8.701405334E-1,8.454868011E0,-2.569556580E0,8.879445853E0
2.167910208E0,-1.304537201E0,2.754272461E0,-2.311792603E0,3.825208378E0
2.177989208E0,-1.027463379E0,-2.660866699E0,-1.441053314E0,3.195704498E0
2.188069208E0,-1.216969299E0,-4.651127930E0,-1.020877075E-1,4.808786457E0
2.198148208E0,-5.309458923E-1,-5.869294739E0,2.179467773E-1,5.897289638E0
2.208227208E0,6.893165588E-1,-7.031477966E0,-1.151405640E0,7.158391904E0
2.218307208E0,1.103056183E0,-7.292684784E0,-3.112776947E0,8.005583341E0
2.228386208E0,9.553134155E-1,-6.334676971E0,-3.422482910E0,7.263204893E0
2.238465208E0,7.791297913E-1,-4.534819794E0,-1.995350647E0,5.015282444E0
2.248544208E0,8.032296753E-1,-2.839145966E0,-1.863624573E-1,2.956460500E0
2.258624208E0,7.475454712E-1,-1.275497589E0,1.389859772E0,2.029144775E0
2.268703208E0,5.246589661E-1,2.667453003E-1,2.789898376E0,2.851307251E0
2.278782208E0,3.496728516E-1,1.385668488E0,3.745062103E0,4.008470833E0
2.288862208E0,2.983296204E-1,1.698218536E0,3.571273499E0,3.965720762E0
2.298941208E0,1.109193420E-1,1.127754822E0,2.368374939E0,2.625515928E0
2.309020208E0,-3.263214111E-2,3.532653809E-1,1.215921478E0,1.266620041E0
2.319100208E0,-1.577719116E-1,-1.869612122E-1,1.966909790E-1,3.139009592E-1
2.329179208E0,-4.363426208E-1,-5.752537537E-1,-5.722599792E-1,9.212997600E-1
2.339258208E0,-6.426136780E-1,-7.538323975E-1,-8.991801453E-1,1.337811854E0
2.349337208E0,-3.183879089E-1,-3.779640198E-1,-1.077160034E0,1.185116619E0
2.359417208E0,1.257385254E-2,9.595046997E-2,-1.192420349E0,1.196340622E0
2.369496208E0,-8.427474976E-2,4.558021545E-1,-1.158890076E0,1.248152252E0
2.379575208E0,-8.547225952E-2,1.117875366E0,-8.279283142E-1,1.393705900E0
2.389655208E0,1.637594604E-1,1.780996399E0,-4.936734009E-1,1.855391808E0
2.399734208E0,2.754272461E-1,2.507585449E0,-3.845503235E-1,2.551807968E0
2.409813208E0,6.242019653E-2,3.245700531E0,-4.550537109E-1,3.278039368E0
2.419893208E0,-6.900650024E-2,4.069736938E0,-5.725593567E-1,4.110394733E0
2.429972208E0,-1.305285645E-1,5.358407135E0,-1.031804352E0,5.458404982E0
2.440051208E0,-3.311114502E-1,7.164102173E0,-1.360371094E0,7.299630419E0
2.450130208E0,-4.224215698E-1,1.018946091E1,-1.888173523E0,1.037153570E1
2.460210208E0,-3.321592712E-1,1.404170013E1,-3.510200500E0,1.447760961E1
2.470289208E0,-6.445596313E-1,1.885524033E1,-5.450615387E0,1.963783982E1
2.480368208E0,-9.933343506E-1,2.465642670E1,-6.863078156E0,2.561304223E1
2.490448208E0,-1.413660278E0,3.109753235E1,-5.601651306E0,3.162962932E1
2.500527208E0,-1.603166199E0,3.714944733E1,-1.217568054E0,3.720395208E1
2.510606208E0,-1.050665131E0,4.015265213E1,4.474495239E0,4.041485467E1
2.520686208E0,5.632786560E-1,3.862672531E1,6.582262115E0,3.918759199E1
2.530765208E0,3.148851929E0,3.596570892E1,9.391470337E-1,3.611550199E1
2.540844208E0,3.452720032E0,3.447705460E1,-1.239572296E0,3.467167589E1
2.550923208E0,1.146166534E0,3.331726639E1,2.296973419E0,3.341601449E1
2.561003208E0,-4.549040222E-1,3.160392929E1,5.999224548E0,3.217150882E1
2.571082208E0,-7.617658997E-1,2.806289291E1,5.807622986E0,2.866766001E1
2.581161208E0,-2.673440552E-1,2.343047607E1,1.996099091E0,2.351686828E1
2.591241208E0,-2.824626160E-1,1.831920502E1,-7.638615417E-1,1.833729920E1
2.601320208E0,-6.451583862E-1,1.301229080E1,-1.808539124E0,1.315320322E1
2.611399208E0,-7.750881958E-1,7.949219513E0,-2.868934021E0,8.486556133E0
2.621479208E0,-4.954696655E-1,3.404220886E0,-3.096460876E0,4.628420896E0
2.631558208E0,-1.465452576E-1,-1.249900818E-1,-2.020498352E0,2.029658007E0
2.641637208E0,-3.308120728E-1,-2.943479004E0,-6.062393188E-1,3.023413863E0
2.651716208E0,5.189707947E-1,-5.135071564E0,-9.842033386E-1,5.254231329E0
2.661796208E0,1.407822418E0,-6.205196228E0,-2.354603577E0,6.784584158E0
2.671875208E0,1.302291870E0,-6.308930511E0,-3.116219788E0,7.156073929E0
2.681954208E0,5.233117676E-1,-5.316643982E0,-2.408042450E0,5.859968164E0
2.692034208E0,-8.337661743E-2,-3.542682953E0,-6.001020813E-1,3.594116953E0
2.702113208E0,-3.674858093E-1,-1.752555542E0,1.663041687E0,2.443809403E0
2.712192208E0,-2.603086853E-1,7.664062500E-2,3.726201324E0,3.736068884E0
2.722272208E0,8.921447754E-2,1.337169342E0,4.978347473E0,5.155572193E0
2.732351208E0,2.975811768E-1,1.714684296E0,5.101541290E0,5.390215239E0
2.742430208E0,2.668949890E-1,1.262474670E0,3.802991638E0,4.015945795E0
2.752509208E0,-6.286926270E-2,2.028282166E-1,2.059267731E0,2.070187290E0
2.762589208E0,-3.112028503E-1,-7.455995178E-1,5.766009521E-1,9.925898010E-1
2.772668208E0,-3.622467041E-1,-1.315015411E0,-7.592211914E-1,1.561058943E0
2.782747208E0,-4.231700134E-1,-1.667831726E0,-1.793270874E0,2.485267783E0
2.792827208E0,-3.357518005E-1,-1.795965271E0,-2.345771942E0,2.973359469E0
2.802906208E0,-1.612147522E-1,-1.532962189E0,-2.432441711E0,2.879711088E0
2.812985208E0,1.477427673E-1,-9.601034546E-1,-2.327210541E0,2.521811942E0
2.823065208E0,5.029541016E-1,-2.838098145E-1,-2.110161896E0,2.187760057E0
2.833144208E0,5.057981873E-1,6.167175293E-1,-1.694775696E0,1.873082213E0
2.843223208E0,2.731819153E-1,1.664837952E0,-1.019380188E0,1.971154416E0
2.853302208E0,-6.032455444E-2,2.752925262E0,-3.962260437E-1,2.781947453E0
2.863382208E0,-3.126997375E-1,3.950135651E0,2.655477905E-1,3.971381172E0
2.873461208E0,-4.230203247E-1,5.368735657E0,7.613168335E-1,5.438921958E0
2.883540208E0,-3.772155762E-1,7.036567383E0,5.641767883E-1,7.069219729E0
2.893620208E0,-5.285508728E-1,9.039701843E0,-7.176077271E-1,9.083531047E0
2.903699208E0,-6.168672180E-1,1.147109573E1,-2.149380341E0,1.168701837E1
2.913778208E0,-6.741979980E-1,1.477607300E1,-4.307442627E0,1.540587350E1
2.923858208E0,-8.882528687E-1,1.927347061E1,-6.040388947E0,2.021736781E1
2.933937208E0,-1.222956848E0,2.510070282E1,-6.228547668E0,2.589084223E1
2.944016667E0,-1.692380676E0,3.171963867E1,-4.013753357E0,3.201733664E1
2.954095667E0,-1.668280792E0,3.663751190E1,-2.538720703E-1,3.667635328E1
2.964175667E0,-7.640112305E-1,3.805027405E1,3.025209045E0,3.817799049E1
2.974254667E0,9.511221313E-1,3.575569565E1,2.827170868E0,3.587990105E1
2.984333667E0,2.581831055E0,3.427362762E1,-1.367855530E0,3.439794225E1
2.994413667E0,3.114573212E0,3.416465424E1,-1.674717407E0,3.434718102E1
3.004492667E0,2.017504578E0,3.430745728E1,3.037034454E0,3.450065982E1
3.014571667E0,1.401385803E0,3.299214249E1,7.730374603E0,3.391465818E1
3.024651667E0,1.808688812E0,2.950125183E1,7.235503693E0,3.042938922E1
3.034730667E0,2.203567657E0,2.435420517E1,1.692680054E0,2.451220483E1
3.044809667E0,9.607022095E-1,1.854568405E1,-1.583556976E0,1.863794512E1
3.054888667E0,-8.045768738E-1,1.269884262E1,-3.324736176E0,1.315149491E1
3.064968667E0,-2.025438080E0,7.568261719E0,-4.625830536E0,9.098312646E0
3.075047667E0,-2.210453339E0,2.816093903E0,-5.184019775E0,6.300043640E0
3.085126667E0,-2.266736298E0,-1.108894043E0,-3.891906738E0,4.638391693E0
3.095206667E0,-1.874551849E0,-4.103566589E0,-2.325563965E0,5.075573972E0
3.105285667E0,-8.613088989E-1,-5.651647339E0,-2.166893921E0,6.113787691E0
3.115364667E0,1.556762695E-1,-5.887856140E0,-2.799328766E0,6.521297920E0
3.125444667E0,4.529580688E-1,-5.134772186E0,-2.741249542E0,5.838279324E0
3.135523667E0,4.194277954E-1,-3.755390625E0,-1.534309387E0,4.078355516E0
3.145602667E0,3.234773254E-1,-2.177970886E0,3.489244080E-1,2.229336898E0
3.155681667E0,2.534230042E-1,-1.097966766E0,2.025288391E0,2.317659877E0
3.165761667E0,2.131567383E-1,-4.080514526E-1,3.088227997E0,3.122353911E0
3.175840667E0,2.761756897E-1,-2.395019531E-3,3.919748840E0,3.929466849E0
3.185919667E0,2.552192688E-1,2.103126526E-1,4.235741730E0,4.248632284E0
3.195999667E0,1.062789917E-1,2.820135498E-1,3.555855560E0,3.568604157E0
3.206078667E0,6.077362061E-2,4.041595459E-3,2.438279572E0,2.439040188E0
3.216157667E0,-1.101708984E-1,-4.504133606E-1,1.495839386E0,1.566060437E0
3.226237667E0,-2.636018372E-1,-6.897656250E-1,6.475534058E-1,9.821343896E-1
3.236316667E0,-9.325607300E-2,-7.039860535E-1,-2.007325745E-1,7.379611271E-1
3.246395667E0,1.618135071E-1,-6.734495544E-1,-9.668394470E-1,1.189326040E0
3.256474667E0,4.293072510E-1,-5.879772949E-1,-1.371298370E0,1.552572457E0
3.266554667E0,5.755531311E-1,-3.406915283E-1,-1.590891724E0,1.725766091E0
3.276633667E0,6.310876465E-1,1.817221069E-1,-1.771865387E0,1.889656448E0
3.286712667E0,4.698728943E-1,9.065148926E-1,-1.919757843E0,2.174401058E0
3.296792667E0,3.670367432E-1,1.699715424E0,-1.547481995E0,2.327756219E0
3.306871667E0,3.727249146E-1,2.525548096E0,-1.164129181E0,2.805800028E0
3.316950667E0,3.748205566E-1,3.564537506E0,-9.765692139E-1,3.714849326E0
3.327030667E0,2.415975952E-1,4.832101593E0,-1.075962524E0,4.956336405E0
3.337109667E0,-1.347198486E-2,6.722819824E0,-1.183738403E0,6.826252595E0
3.347188667E0,-2.570155334E-1,9.354946289E0,-1.166524200E0,9.430898990E0
3.357268667E0,-5.445675659E-1,1.261172379E1,-2.392474823E0,1.284819312E1
3.367347667E0,-5.710624695E-1,1.647399216E1,-4.159999237E0,1.700070950E1
3.377426667E0,-4.459226990E-1,2.112826355E1,-5.737568665E0,2.189799219E1
3.387505667E0,-1.930984497E-1,2.735860748E1,-7.187752991E0,2.828770905E1
3.397585667E0,-1.167871399E0,3.414848785E1,-4.994513855E0,3.453155535E1
3.407664667E0,-3.318898315E0,3.902923828E1,4.535568237E-1,3.917272317E1
3.417743667E0,-3.604055328E0,4.005759979E1,5.771997070E0,4.063147138E1
3.427823667E0,-1.277443542E0,3.970762756E1,5.580994263E0,4.011826324E1
3.437902667E0,1.226848755E0,3.901112595E1,2.041903839E0,3.908378790E1
3.447981667E0,5.623805237E-1,3.766063431E1,3.990850983E0,3.787567214E1
3.458061667E0,-7.767347717E-1,3.667014404E1,8.215066681E0,3.758710020E1
3.468140667E0,-5.060975647E-1,3.331726639E1,8.752748566E0,3.445151639E1
3.478219667E0,4.909790039E-2,2.761098267E1,5.614225159E0,2.817602347E1
3.488298667E0,-5.050497437E-1,2.124247604E1,1.952689362E0,2.133801442E1
3.498378667E0,-1.767374725E0,1.496093857E1,-1.157243500E0,1.510935170E1
3.508457667E0,-2.402503967E0,9.152118073E0,-3.095113678E0,9.955552180E0
3.518536667E0,-1.489253082E0,4.256997528E0,-3.473826141E0,5.692747207E0
3.528616667E0,-7.484436035E-4,-6.249504089E-1,-2.788551178E0,2.857723088E0
3.538695667E0,9.545649719E-1,-4.122876434E0,-2.588417358E0,4.960766957E0
3.548774667E0,1.961670685E0,-6.349795532E0,-3.456312561E0,7.490937972E0
3.558854667E0,2.335892487E0,-7.426207123E0,-4.361330566E0,8.923348601E0
3.568933667E0,1.835932159E0,-7.043303375E0,-4.047882385E0,8.328512540E0
3.579012667E0,8.080197144E-1,-5.374573517E0,-1.606459351E0,5.667419871E0
3.589091667E0,-7.918533325E-2,-3.003504181E0,1.043779449E0,3.180689111E0
3.599171667E0,-4.264631653E-1,-1.157991943E0,2.992576904E0,3.237025286E0
3.609250667E0,-3.568579102E-1,-4.164340210E-1,3.865711212E0,3.904419040E0
3.619329667E0,-6.451583862E-2,-2.721340942E-1,3.906576233E0,3.916574667E0
3.629409667E0,1.294807434E-1,-1.360670471E-1,3.339255981E0,3.344534349E0
3.639488667E0,3.742218018E-3,-2.094145203E-1,2.373314667E0,2.382538762E0
3.649567667E0,-1.917512512E-1,-5.254074097E-1,1.326691132E0,1.439767637E0
3.659647667E0,-3.785627747E-1,-9.782157898E-1,1.332229614E-1,1.057338292E0
3.669726667E0,-3.432362366E-1,-1.386267242E0,-9.160949707E-1,1.696696195E0
3.679805667E0,-2.125579834E-1,-1.686991882E0,-1.606010284E0,2.338886817E0
3.689885667E0,-3.953279114E-1,-1.762135620E0,-2.165546722E0,2.819751533E0
3.699964667E0,-8.048762512E-1,-1.657353516E0,-2.235601044E0,2.896991281E0
3.710043667E0,-1.062939606E0,-1.253044281E0,-1.907633057E0,2.517741936E0
3.720122667E0,-4.629872131E-1,-9.587562561E-1,-1.626517639E0,1.943998546E0
3.730202667E0,-3.165916443E-1,-3.963757324E-1,-1.274000702E0,1.371284718E0
3.740281667E0,-2.101629639E-1,4.888833618E-1,-1.815724182E-1,5.622668013E-1
3.750360667E0,7.771838379E-1,1.242117004E0,6.405180359E-1,1.599103725E0
3.760440667E0,5.472619629E-1,2.454745331E0,1.087039490E0,2.739876849E0
3.770519667E0,4.819976807E-1,3.454665985E0,1.729054413E0,3.893156559E0
3.780598667E0,5.252577209E-1,4.478087769E0,1.893262939E0,4.890154424E0
3.790678667E0,8.361611938E-1,5.528902588E0,1.500928802E0,5.789707820E0
3.800757667E0,1.445094910E0,6.938970337E0,5.968089294E-1,7.112931149E0
3.810836667E0,1.835932159E0,8.965456238E0,-9.624984741E-1,9.201981078E0
3.820915667E0,1.589095459E0,1.160401932E1,-2.975662079E0,1.208441366E1
3.830995667E0,1.683848419E0,1.520837402E1,-5.330415344E0,1.620318838E1
3.841074667E0,1.845512238E0,1.999661682E1,-7.060816956E0,2.128675024E1
3.851153667E0,1.539698181E0,2.636362656E1,-6.666836243E0,2.723707365E1
3.861233667E0,6.179150391E-1,3.423336136E1,-2.685565338E0,3.434409862E1
3.871312667E0,-1.905537415E-1,4.094046387E1,2.758613434E0,4.103374027E1
3.881391667E0,2.709365845E-2,4.240935928E1,6.962172089E0,4.297704421E1
3.891471667E0,8.638536072E-1,3.955374756E1,5.511987762E0,3.994530258E1
3.901550667E0,2.416574707E0,3.749313263E1,1.944456482E-1,3.757143379E1
3.911629667E0,2.524051208E0,3.635445053E1,4.355941772E-1,3.644456956E1
3.921708667E0,1.548529816E0,3.550167389E1,4.084256744E0,3.576937163E1
3.931788667E0,1.445543976E0,3.388398788E1,5.129084015E0,3.430046261E1
3.941867417E0,1.422940979E0,3.027454376E1,3.081342316E0,3.046419918E1
3.951946417E0,1.286275177E0,2.543914902E1,2.429447937E-1,2.547280567E1
3.962026417E0,8.226892090E-1,1.954889786E1,-1.494492188E0,1.962319372E1
3.972105417E0,4.854405212E-1,1.287472687E1,-2.951562195E0,1.321763836E1
3.982184417E0,1.234033813E0,6.580615540E0,-3.786076813E0,7.691665487E0
3.992264417E0,1.572929077E0,6.848258972E-1,-3.834575958E0,4.200841008E0
4.002343417E0,1.086291046E0,-3.762875061E0,-2.808310089E0,4.819321790E0
4.012422417E0,5.316943359E-1,-6.667285309E0,-1.683549042E0,6.897081240E0
4.022502417E0,3.177891541E-1,-8.010891266E0,-2.022294617E0,8.268315689E0
4.032581417E0,6.735992432E-3,-8.440198517E0,-3.100652161E0,8.991720647E0
4.042660417E0,-4.188290405E-1,-8.296347656E0,-3.504063263E0,9.015723019E0
4.052739417E0,-6.628216553E-1,-7.221582642E0,-2.423610077E0,7.646206524E0
4.062819417E0,-3.847000122E-1,-5.615123291E0,-4.375401306E-1,5.645267490E0
4.072898417E0,-5.538482666E-3,-4.208348694E0,1.331481171E0,4.413963243E0
4.082977417E0,3.309617615E-1,-3.244802399E0,2.656675415E0,4.206685459E0
4.093057417E0,5.276527405E-1,-2.283501434E0,3.723656616E0,4.399819861E0
4.103136417E0,5.379812622E-1,-1.279239807E0,4.420457611E0,4.633176428E0
4.113215417E0,3.001258850E-1,-4.914280701E-1,4.244573364E0,4.283454230E0
4.123295417E0,1.038839722E-1,-7.155120850E-2,3.167263641E0,3.169774508E0
4.133374417E0,-4.071533203E-2,-5.343887329E-2,1.941313019E0,1.942475145E0
4.143453417E0,-1.607656860E-1,-2.537223816E-1,8.824150085E-1,9.321356661E-1
4.153532417E0,-2.336640930E-1,-4.297563171E-1,-1.936972046E-1,5.261254675E-1
4.163612417E0,-2.270777893E-1,-6.866221619E-1,-1.025816803E0,1.255115305E0
4.173691417E0,-3.236270142E-1,-7.581733704E-1,-1.556463318E0,1.761289120E0
4.183770417E0,-4.821473694E-1,-4.083508301E-1,-1.547781372E0,1.671778592E0
4.193850417E0,-5.069956970E-1,3.718267822E-1,-1.294508057E0,1.439114624E0
4.203929417E0,-3.167413330E-1,1.448388062E0,-9.595046997E-1,1.766013114E0
4.214008417E0,5.388793945E-3,2.654280396E0,-1.495390320E-1,2.658494946E0
4.224088417E0,2.142045593E-1,3.830833740E0,1.619631958E-1,3.840234734E0
4.234167417E0,2.333647156E-1,4.696483612E0,-2.010319519E-1,4.706573197E0
4.244246417E0,2.107617188E-1,5.611381073E0,-5.698649597E-1,5.644179668E0
4.254326417E0,3.447331238E-1,7.018455048E0,-9.238787842E-1,7.087390506E0
4.264405417E0,7.409591675E-1,9.127120056E0,-1.241518250E0,9.240925742E0
4.274484417E0,1.096020813E0,1.184187469E1,-1.198108521E0,1.195268681E1
4.284563417E0,1.191073151E0,1.503877670E1,-2.420616302E0,1.527883645E1
4.294643417E0,1.010249176E0,1.882874542E1,-4.262536011E0,1.933161842E1
4.304722417E0,8.690927124E-1,2.390483963E1,-5.202581177E0,2.447985970E1
4.314801417E0,6.571334839E-1,3.081551880E1,-4.013753357E0,3.108276434E1
4.324881417E0,2.639012146E-1,3.769536209E1,9.175918579E-2,3.769639753E1
4.334960417E0,6.939569092E-1,4.136752579E1,4.334685974E0,4.159979890E1
4.345039417E0,1.134939880E0,4.050112747E1,6.086792450E0,4.097167872E1
4.355119417E0,1.995051270E0,3.812526810E1,2.127376099E0,3.823665814E1
4.365198417E0,2.689756622E0,3.605507309E1,-1.435514832E0,3.618375034E1
4.375277417E0,2.077679443E0,3.452106308E1,1.357077942E0,3.461014604E1
4.385357417E0,2.056273956E0,3.326891693E1,5.167404327E0,3.373056720E1
4.395436417E0,2.330952759E0,3.063843704E1,5.797144775E0,3.126905903E1
4.405515417E0,2.470462646E0,2.605616592E1,2.942880249E0,2.633794815E1
4.415594417E0,1.620230713E0,2.040870987E1,-6.137237549E-3,2.047292416E1
4.425674417E0,4.026626587E-1,1.437520660E1,-1.844314728E0,1.449862748E1
4.435753417E0,-3.373983765E-1,8.837173004E0,-2.837050323E0,9.287535675E0
4.445832417E0,-7.470964050E-1,3.584895172E0,-3.222798157E0,4.878119965E0
4.455912417E0,-5.748046875E-1,-9.810598755E-1,-3.102149048E0,3.303968466E0
4.465991417E0,-3.357518005E-1,-4.180805969E0,-2.350861359E0,4.808161494E0
4.476070417E0,2.380050659E-2,-6.246959381E0,-1.816023560E0,6.505613695E0
4.486150417E0,4.180805969E-1,-7.461383972E0,-2.664159851E0,7.933775260E0
4.496229417E0,4.167333984E-1,-7.696694641E0,-3.935765533E0,8.654653399E0
4.506308417E0,5.538482666E-2,-6.990014191E0,-4.129163361E0,8.118704079E0
4.516387417E0,-2.393522644E-1,-5.816753998E0,-2.848127289E0,6.481029674E0
4.526467417E0,-1.913021851E-1,-4.274511108E0,-8.280780029E-1,4.358182525E0
4.536546417E0,-7.020401001E-2,-2.796035614E0,1.063388672E0,2.992246518E0
4.546625417E0,-4.685256958E-2,-1.428629150E0,2.873724060E0,3.209589754E0
4.556705417E0,8.232879639E-3,8.996292114E-2,4.521347809E0,4.522250227E0
4.566784417E0,1.766326904E-2,1.260528717E0,5.195096741E0,5.345865204E0
4.576863417E0,-1.496887207E-3,1.590891724E0,4.814737701E0,5.070763044E0
4.586943417E0,1.496887207E-4,1.239272919E0,3.694617004E0,3.896920861E0
4.597022417E0,4.041595459E-3,6.845265198E-1,2.393372955E0,2.489342683E0
4.607101417E0,-9.879455566E-2,1.323248291E-1,1.074166260E0,1.086785801E0
4.617181417E0,-1.118174744E-1,-3.472778320E-1,-5.942642212E-2,3.696438013E-1
4.627260417E0,-8.547225952E-2,-7.529342651E-1,-9.892927551E-1,1.246160371E0
4.637339417E0,6.107299805E-2,-1.019230499E0,-1.753004608E0,2.028690681E0
4.647418417E0,2.044747925E-1,-9.728269958E-1,-2.260898438E0,2.469790284E0
4.657498417E0,2.796185303E-1,-6.352789307E-1,-2.367327118E0,2.466982676E0
4.667577417E0,2.883004761E-1,-2.095642090E-3,-1.960622864E0,1.981707236E0
4.677656417E0,2.127076721E-1,1.125359802E0,-1.417552185E0,1.822397716E0
4.687736417E0,1.686991882E-1,2.444416809E0,-1.006506958E0,2.648903397E0
4.697815417E0,2.022294617E-1,3.897894287E0,-5.860313416E-1,3.946886034E0
4.707894417E0,3.622467041E-1,5.820047150E0,-6.625222778E-1,5.868825033E0
4.717974417E0,6.375242615E-1,8.423732758E0,-1.391057281E0,8.561585783E0
4.728053417E0,6.424639893E-1,1.171598648E1,-1.608405304E0,1.184331317E1
4.738132417E0,4.894821167E-1,1.557585983E1,-2.390528870E0,1.576583745E1
4.748212417E0,6.641688538E-1,2.039044785E1,-4.398303680E0,2.086999183E1
4.758291417E0,1.428329773E0,2.627545990E1,-6.060596924E0,2.700316193E1
4.768370417E0,2.063459015E0,3.280877380E1,-5.179678802E0,3.327916126E1
4.778449417E0,1.881886597E0,3.932277786E1,-8.548722839E-1,3.937706392E1
4.788529417E0,1.414558411E0,4.293431763E1,4.925956421E0,4.323912178E1
4.798608417E0,7.854167175E-1,4.224859360E1,7.996371460E0,4.300584259E1
4.808687417E0,1.298250275E0,3.974235535E1,3.912114716E0,3.995553659E1
4.818767417E0,2.194736023E0,3.701278152E1,-1.886227570E0,3.712574197E1
4.828846417E0,1.203048248E0,3.436658432E1,-1.012344818E0,3.440253312E1
4.838925417E0,-2.035766602E-2,3.229414398E1,3.414549408E0,3.247416354E1
4.849005417E0,-3.180885315E-1,2.887196045E1,4.778363342E0,2.926643191E1
4.859084417E0,-1.981878662E-1,2.420346863E1,2.645748138E0,2.434845283E1
4.869163417E0,-4.435276794E-1,1.889954819E1,1.242416382E-1,1.890516000E1
4.879243417E0,-1.099463654E0,1.305629929E1,-1.585203552E0,1.319805447E1
4.889322417E0,-1.566043396E0,7.449259186E0,-3.170407104E0,8.245934486E0
4.899401417E0,-1.912123718E0,2.556383972E0,-4.394711151E0,5.431832309E0
4.909480417E0,-1.810934143E0,-1.800755310E0,-3.940705261E0,4.695887575E0
4.919560417E0,-1.958377533E0,-4.908742218E0,-2.780467987E0,5.971766485E0
4.929639417E0,-1.522483978E0,-7.155869293E0,-1.947599945E0,7.570836701E0
4.939718417E0,-2.480342102E-1,-8.282725983E0,-2.829715576E0,8.756275516E0
4.949799042E0,9.229806519E-1,-8.671317902E0,-4.114044800E0,9.642043977E0
4.959878042E0,1.141526184E0,-8.265362091E0,-4.373605042E0,9.420600490E0
4.969957042E0,9.345066833E-1,-6.913373566E0,-3.060984650E0,7.618245456E0
4.980037042E0,9.075627136E-1,-4.859344940E0,-6.101312256E-1,4.980879786E0
4.990116042E0,8.626560974E-1,-2.667902069E0,2.027384033E0,3.460081359E0
5.000195042E0,5.843847656E-1,-1.021775208E0,4.217629395E0,4.378804385E0
5.010274042E0,4.161346436E-1,9.894424438E-2,5.523064728E0,5.539603054E0
5.020354042E0,4.489164734E-1,9.798623657E-1,5.469925232E0,5.575099847E0
5.030433042E0,3.475772095E-1,1.119521942E0,4.224664764E0,4.384282343E0
5.040512042E0,1.781295776E-2,6.715036011E-1,2.723735962E0,2.805347033E0
5.050592042E0,-2.269281006E-1,8.277786255E-2,1.198557587E0,1.222656463E0
5.060671042E0,-2.549198914E-1,-3.766168213E-1,-7.065307617E-2,4.602349816E-1
5.070750042E0,-1.942959595E-1,-6.783892822E-1,-1.016087036E0,1.237091671E0
5.080830042E0,-1.770817566E-1,-8.213420105E-1,-1.644330597E0,1.846559980E0
5.090909042E0,-1.037342834E-1,-5.128335571E-1,-2.057022400E0,2.122522135E0
5.100988042E0,-8.038284302E-2,5.538482666E-2,-1.885179749E0,1.887705370E0
5.111068042E0,-9.879455566E-3,5.155279541E-1,-1.698966980E0,1.775487391E0
5.121147042E0,1.459465027E-1,1.044527893E0,-1.489702148E0,1.825253788E0
5.131226042E0,2.856060791E-1,1.721719666E0,-1.184037781E0,2.108989072E0
5.141306042E0,3.098556519E-1,2.396516418E0,-7.822732544E-1,2.539931675E0
5.151385042E0,2.248324585E-1,3.085383911E0,-2.739303589E-1,3.105669228E0
5.161464042E0,2.194436646E-1,4.083657990E0,8.981323242E-3,4.089559727E0
5.171543042E0,1.996847534E-1,5.630391541E0,2.203417969E-1,5.638238502E0
5.181623042E0,7.948471069E-2,7.502997437E0,1.001417542E-1,7.504086668E0
5.191702042E0,1.457968140E-1,1.005728577E1,-1.677411804E0,1.019725277E1
5.201781042E0,5.872288513E-1,1.365101257E1,-4.935686188E0,1.452776583E1
5.211861042E0,9.367520142E-1,1.880195114E1,-7.019802246E0,2.009150305E1
5.221940042E0,8.919950867E-1,2.563658844E1,-6.577621765E0,2.648198312E1
5.232019042E0,3.701802063E-1,3.346770355E1,-3.506009216E0,3.365287974E1
5.242099042E0,1.062789917E-2,3.962484970E1,4.484674072E-1,3.962738888E1
5.252178042E0,-2.203417969E-1,4.129582489E1,4.223766632E0,4.151185263E1
5.262257042E0,9.392967224E-1,3.998170761E1,3.597169647E0,4.015418847E1
5.272337042E0,3.005300446E0,3.902998672E1,-1.771715698E0,3.918559265E1
5.282416042E0,2.660717010E0,3.796839432E1,-2.009870453E0,3.811453740E1
5.292495042E0,1.711540833E0,3.720153900E1,2.367177429E0,3.731604755E1
5.302574042E0,1.879641266E0,3.549598572E1,5.891748047E0,3.603069176E1
5.312654042E0,2.932102661E0,3.157099777E1,5.499264221E0,3.218022737E1
5.322733042E0,3.387755127E0,2.598102219E1,2.886447601E0,2.635947606E1
5.332812042E0,2.637066193E0,1.948258575E1,4.237687683E-1,1.966481238E1
5.342892042E0,1.653162231E0,1.281245636E1,-1.408121796E0,1.299518335E1
5.352971042E0,9.840536499E-1,6.492299194E0,-2.752027130E0,7.119828912E0
5.363050042E0,4.770579529E-1,7.488926697E-1,-3.447031860E0,3.559558002E0
5.373130042E0,-3.495231628E-1,-3.631598053E0,-2.492616577E0,4.418575365E0
5.383209042E0,-9.773176575E-1,-6.470594330E0,-1.187480621E0,6.650853405E0
5.393288042E0,-8.286767578E-1,-7.945626984E0,-1.776206360E0,8.183801217E0
5.403368042E0,-3.827540588E-1,-8.668473816E0,-3.825444946E0,9.482772169E0
5.413447042E0,-3.489244080E-1,-8.715625763E0,-4.807702332E0,9.959813371E0
5.423526042E0,-7.438032532E-1,-7.521708527E0,-4.008065186E0,8.555345053E0
5.433606042E0,-1.055604858E0,-5.538033600E0,-1.959425354E0,5.968539645E0
5.443685042E0,-7.378157043E-1,-3.824397125E0,8.637039185E-2,3.895875413E0
5.453764042E0,-2.933898926E-1,-2.391876068E0,1.996548157E0,3.129433383E0
5.463843042E0,-7.738906860E-2,-9.006770325E-1,3.970044250E0,4.071665450E0
5.473923042E0,-2.125579834E-2,5.013075256E-1,5.155878296E0,5.180235713E0
5.484002042E0,3.906875610E-2,1.484463043E0,5.119503937E0,5.330523188E0
5.494081042E0,1.020877075E-1,1.772763519E0,4.198918304E0,4.558950244E0
5.504161042E0,-3.173400879E-2,1.435963898E0,3.085982666E0,3.403863743E0
5.514240042E0,-1.893562317E-1,9.623487854E-1,1.702858887E0,1.965120697E0
5.524319042E0,-2.463876343E-1,3.013233948E-1,1.746867371E-1,4.266358057E-1
5.534399042E0,-2.933898926E-1,-4.260140991E-1,-1.088985443E0,1.205593189E0
5.544478042E0,-1.007405090E-1,-7.324269104E-1,-1.859133911E0,2.000744044E0
5.554557042E0,1.670526123E-1,-5.451663208E-1,-2.121089172E0,2.196390714E0
5.564636042E0,2.956352234E-1,-4.790039062E-3,-1.969005432E0,1.991081495E0
5.574716042E0,3.209326172E-1,6.472540283E-1,-1.666783905E0,1.816618867E0
5.584795042E0,3.022215271E-1,1.465602264E0,-1.123713226E0,1.871378974E0
5.594874042E0,3.028202820E-1,2.444267120E0,-5.113366699E-1,2.515473528E0
5.604954042E0,1.788780212E-1,3.387455750E0,1.796264648E-2,3.392222938E0
5.615033042E0,1.429527283E-1,4.468956757E0,2.320175171E-1,4.477258324E0
5.625112042E0,2.911445618E-1,5.829627228E0,3.457809448E-1,5.847126066E0
5.635192042E0,4.562512207E-1,7.703730011E0,4.861889648E-1,7.732528756E0
5.645271042E0,4.586462402E-1,1.023002655E1,-2.308200073E-1,1.024290376E1
5.655350042E0,5.284011841E-1,1.331795517E1,-2.549647980E0,1.357010842E1
5.665430042E0,7.186555481E-1,1.715283051E1,-4.816234589E0,1.783065270E1
5.675509042E0,9.532177734E-1,2.287572968E1,-5.925128632E0,2.364983682E1
5.685588042E0,5.807922363E-1,2.996184402E1,-4.527185669E0,3.030750447E1
5.695668042E0,-7.026388550E-1,3.694257751E1,1.649569702E-1,3.694962714E1
5.705747042E0,-1.451681213E0,4.088283371E1,5.643564148E0,4.129604444E1
5.715826042E0,-7.866142273E-1,4.082250916E1,8.923094330E0,4.179375107E1
5.725905042E0,1.517244873E0,4.006328796E1,5.990542603E0,4.053709012E1
5.735985042E0,3.456162872E0,3.874408127E1,1.466500397E0,3.892556382E1
5.746064042E0,3.048560486E0,3.698044876E1,2.413880310E0,3.718432640E1
5.756143042E0,2.818339233E0,3.565630234E1,5.300627289E0,3.615814683E1
5.766223042E0,3.448528748E0,3.303555222E1,5.628744965E0,3.368861574E1
5.776302042E0,3.464395752E0,2.825584167E1,2.923720093E0,2.861717606E1
5.786381042E0,2.256407776E0,2.218072495E1,-1.429527283E-1,2.229565811E1
5.796461042E0,9.512718201E-1,1.549891983E1,-2.049388275E0,1.566274006E1
5.806540042E0,4.475692749E-2,9.013356628E0,-3.150947571E0,9.548354386E0
5.816619042E0,-7.156617737E-1,3.253334656E0,-3.289110260E0,4.681303714E0
5.826699042E0,-7.458988953E-1,-1.882635040E0,-2.283501434E0,3.052058102E0
5.836778042E0,-7.182064819E-1,-5.817053375E0,-1.329684906E0,6.010157441E0
5.846857042E0,-3.484753418E-1,-8.230933685E0,-8.295748901E-1,8.279969740E0
5.856936042E0,2.441423035E-1,-9.097631378E0,-2.199076996E0,9.362822320E0
5.867016042E0,4.834945679E-1,-9.010961609E0,-3.287164307E0,9.603991113E0
5.877095042E0,3.219804382E-1,-7.966733093E0,-2.927911377E0,8.493831445E0
5.887174042E0,2.926414490E-1,-6.364315338E0,-1.329984283E0,6.508379747E0
5.897254042E0,4.797523499E-1,-4.666096802E0,5.185217285E-1,4.719267577E0
5.907333042E0,6.200106812E-1,-3.368744659E0,2.135608978E0,4.036543018E0
5.917412042E0,6.939569092E-1,-2.303709412E0,3.646267548E0,4.368514653E0
5.927492042E0,6.505471802E-1,-1.080303497E0,4.639452209E0,4.807783698E0
5.937571042E0,4.131408691E-1,7.948471069E-2,4.449946289E0,4.469790283E0
5.947649042E0,9.969268799E-2,6.310876465E-1,3.306773529E0,3.367931327E0
5.957729042E0,-2.912942505E-1,7.439529419E-1,2.092648315E0,2.239976628E0
5.967808042E0,-6.932084656E-1,6.478527832E-1,6.891668701E-1,1.172690147E0
5.977887042E0,-1.013093262E0,3.501219177E-1,-5.285508728E-1,1.195118965E0
5.987966042E0,-1.066083069E0,1.109193420E-1,-1.488354950E0,1.834131039E0
5.998046042E0,-1.041384430E0,4.685256958E-2,-2.061513062E0,2.310089348E0
6.008125042E0,-7.996371460E-1,1.564247131E-1,-2.087109833E0,2.240516840E0
6.018204042E0,-5.200186157E-1,3.881428528E-1,-1.986668701E0,2.089958555E0
6.028284042E0,-3.052153015E-1,5.774990845E-1,-1.562301178E0,1.693353638E0
6.038363042E0,-4.595443726E-2,1.243913269E0,-1.013093262E0,1.604926786E0
6.048442042E0,3.442840576E-2,2.095193024E0,-6.065386963E-1,2.181492221E0
6.058522042E0,5.673202515E-2,2.931354218E0,-1.154100037E-1,2.934173741E0
6.068601042E0,9.729766846E-3,4.003724213E0,3.643423462E-1,4.020279541E0
6.078680042E0,1.571731567E-2,5.288951569E0,8.276289368E-1,5.353337780E0
6.088760042E0,1.862127686E-1,6.900799713E0,9.232800293E-1,6.964779816E0
6.098839042E0,4.779560852E-1,8.817414093E0,4.159849548E-1,8.840151401E0
6.108918042E0,7.491920471E-1,1.144490021E1,-9.184899902E-1,1.150611374E1
6.118998042E0,1.020278320E0,1.516197052E1,-3.057541809E0,1.550080255E1
6.129077042E0,1.496138763E0,2.043834824E1,-4.806953888E0,2.104925926E1
6.139156042E0,1.310225372E0,2.733420822E1,-4.569098511E0,2.774441008E1
6.149235042E0,7.963439941E-2,3.416031326E1,-1.374142456E0,3.418803316E1
6.159315042E0,-9.285191345E-1,3.889047684E1,3.459755402E0,3.905510522E1
6.169394042E0,-5.143304443E-1,3.967828857E1,8.347840576E0,4.055018572E1
6.179473042E0,1.731599121E0,3.781646027E1,8.069718933E0,3.870663336E1
6.189553042E0,4.304748230E0,3.604145142E1,2.242486725E0,3.636682313E1
6.199632042E0,4.242028656E0,3.459635651E1,2.291734314E-1,3.485620764E1
6.209711042E0,2.836900635E0,3.385779236E1,3.063978424E0,3.411430891E1
6.219791042E0,2.462229767E0,3.309737366E1,5.216352539E0,3.359626545E1
6.229870042E0,2.758014679E0,3.053081085E1,4.709805908E0,3.101482433E1
6.239949042E0,2.850821686E0,2.608490616E1,2.402503967E0,2.634998176E1
6.250029042E0,2.173480225E0,2.077050751E1,7.843688965E-2,2.088406452E1
6.260108042E0,9.888436890E-1,1.449675385E1,-1.523232422E0,1.461006232E1
6.270187042E0,1.044827271E-1,8.262967072E0,-2.316582642E0,8.582196490E0
6.280267042E0,-3.743714905E-1,2.839445343E0,-2.825973358E0,4.023522001E0
6.290346042E0,-9.659413147E-1,-1.772015076E0,-2.474953308E0,3.193504960E0
6.300425042E0,-1.486708374E0,-5.216202850E0,-1.634151764E0,5.664761774E0
6.310504042E0,-1.456620941E0,-6.843768311E0,-1.915716248E0,7.254576348E0
6.320584042E0,-9.301657104E-1,-7.572453003E0,-3.439996490E0,8.369039884E0
6.330663042E0,-4.303550720E-1,-7.918832703E0,-4.671635284E0,9.204199753E0
6.340742042E0,-1.932481384E-1,-7.494764557E0,-4.952900391E0,8.985547445E0
6.350822042E0,-1.121168518E-1,-6.151607666E0,-3.729644165E0,7.194796221E0
6.360901042E0,5.987548828E-2,-4.775519257E0,-1.419947205E0,4.982511345E0
6.370980042E0,3.516188049E-1,-3.276087341E0,1.035097504E0,3.453666297E0
6.381060042E0,4.565505981E-1,-1.586251373E0,3.055446167E0,3.472806235E0
6.391139042E0,4.975653076E-1,-1.916015625E-2,4.550387421E0,4.577550002E0
6.401218042E0,5.653742981E-1,1.355131989E0,5.404660950E0,5.600570577E0
6.411298042E0,6.471043396E-1,2.214045868E0,5.358856201E0,5.834216564E0
6.421377042E0,7.688012695E-1,2.321372681E0,4.219275970E0,4.876691115E0
6.431456042E0,6.018983459E-1,2.050585785E0,2.854414215E0,3.565790823E0
6.441535042E0,8.337661743E-2,1.523531799E0,1.729802856E0,2.306581611E0
6.451615042E0,-4.734654236E-1,8.963360596E-1,4.658312988E-1,1.115610433E0
6.461694042E0,-6.837780762E-1,4.053570557E-1,-9.674382019E-1,1.252119593E0
6.471773042E0,-7.295828247E-1,1.511856079E-1,-1.914518738E0,2.054392899E0
6.481853042E0,-5.129832458E-1,3.052153015E-1,-2.041005707E0,2.126502407E0
6.491932042E0,-4.014651489E-1,6.659651184E-1,-1.679657135E0,1.850927307E0
6.502011042E0,-4.083508301E-1,1.289568329E0,-1.235979767E0,1.832316255E0
6.512091042E0,-2.679428101E-1,2.152673492E0,-8.722361755E-1,2.338074520E0
6.522170042E0,-4.101470947E-2,2.804418182E0,-7.524851990E-1,2.903907285E0
6.532249042E0,-1.405577087E-1,3.394640808E0,-7.704478455E-1,3.483810065E0
6.542329042E0,-2.766247559E-1,4.273463287E0,-8.930429077E-1,4.374532587E0
6.552408042E0,-1.002914429E-1,5.905968475E0,-1.356329498E0,6.060540546E0
6.562487042E0,4.427792358E-1,8.709937592E0,-1.465452576E0,8.843450546E0
6.572567042E0,1.010698242E0,1.226025467E1,-1.542242889E0,1.239813972E1
6.582646042E0,1.679956512E0,1.609048965E1,-2.475552063E0,1.636626009E1
6.592725042E0,2.846929779E0,2.061932190E1,-4.819527740E0,2.136561004E1
6.602804042E0,3.056493988E0,2.666869217E1,-5.596412201E0,2.742045089E1
6.612884042E0,2.292931824E0,3.338956604E1,-1.374292145E0,3.349640780E1
6.622963042E0,2.899620209E0,3.832405472E1,3.938160553E0,3.863482983E1
6.633042042E0,4.774022369E0,3.849889114E1,7.497908020E0,3.951170122E1
6.643122042E0,6.280040588E0,3.556633942E1,5.646108856E0,3.655519053E1
6.653201042E0,6.396199036E0,3.414010529E1,4.031117249E-1,3.473644556E1
6.663280042E0,4.400698700E0,3.399730225E1,3.070115662E-1,3.428231272E1
6.673360042E0,1.686991882E0,3.478376678E1,4.772974548E0,3.515021564E1
6.683439042E0,6.140231323E-1,3.501847870E1,8.643625488E0,3.607468831E1
6.693518042E0,9.373507690E-1,3.298405930E1,7.783214722E0,3.390287931E1
6.703598042E0,9.900411987E-1,2.798759949E1,4.242926788E0,2.832469478E1
6.713677042E0,-1.410067749E-1,2.082499420E1,1.743574219E0,2.089833289E1
6.723756042E0,-2.245630188E0,1.334998856E1,-1.321302338E0,1.360187080E1
6.733836042E0,-3.573818207E0,6.149961090E0,-3.704346771E0,8.019749559E0
6.743915042E0,-3.244802399E0,2.101629639E-1,-3.892655182E0,5.072048446E0
6.753994042E0,-2.287243652E0,-4.841831360E0,-3.721560974E0,6.521106542E0
6.764073042E0,-1.268013153E0,-8.423283691E0,-3.432661743E0,9.183829928E0
6.774153042E0,-1.139131165E-1,-9.660460968E0,-4.501289520E0,1.065828737E1
6.784232042E0,1.847158813E-1,-9.128467255E0,-5.487738190E0,1.065261962E1
6.794311042E0,-7.294331360E-1,-7.329358521E0,-4.734205170E0,8.755813361E0
6.804391042E0,-1.608554993E0,-5.071004791E0,-2.695744171E0,5.964023423E0
6.814470042E0,-1.820514221E0,-3.009940796E0,-2.450404358E-1,3.526196313E0
6.824549042E0,-1.402433624E0,-1.594334564E0,2.244582367E0,3.089801414E0
6.834629042E0,-3.104544067E-1,-5.692662048E-1,4.604724426E0,4.650154083E0
6.844708042E0,8.331674194E-1,4.227209473E-1,5.976771240E0,6.049351652E0
6.854787042E0,1.582060089E0,7.310797119E-1,6.254892883E0,6.493156140E0
6.864867042E0,1.860930176E0,1.009201355E0,5.372777252E0,5.774797303E0
6.874946042E0,1.581311646E0,6.574328613E-1,3.965553589E0,4.319534669E0
6.885025042E0,9.568103027E-1,1.960922241E-2,2.386487274E0,2.571223831E0
6.895105042E0,6.280938721E-1,-4.896318054E-1,7.696994019E-1,1.107555139E0
6.905184042E0,4.207749939E-1,-8.809181213E-1,-2.366578674E-1,1.004527390E0
6.915263042E0,3.143463135E-1,-1.214873657E0,-1.135838013E0,1.692589613E0
6.925342042E0,3.716770935E-1,-1.542991333E0,-2.008223877E0,2.559673662E0
6.935422042E0,4.718188477E-1,-1.617087250E0,-2.627037048E0,3.120722329E0
6.945501417E0,4.219725037E-1,-1.151555328E0,-2.533481598E0,2.814723694E0
6.955580417E0,7.649093628E-2,-4.513114929E-1,-1.887724457E0,1.942430578E0
6.965660417E0,-3.228785706E-1,2.689906311E-1,-1.120120697E0,1.196359857E0
6.975739417E0,-5.161267090E-1,1.201850739E0,-4.773573303E-1,1.392372794E0
6.985818417E0,-5.998027039E-1,2.259401550E0,3.061134338E-1,2.357618307E0
6.995898417E0,-6.608757019E-1,3.107238464E0,9.876461792E-1,3.326730008E0
7.005977417E0,-4.258644104E-1,4.175866241E0,8.159532166E-1,4.276096235E0
7.016056417E0,-3.534150696E-1,5.836512909E0,6.765930176E-2,5.847594628E0
7.026136417E0,-3.224295044E-1,8.103548584E0,-8.985813904E-1,8.159589999E0
7.036215417E0,2.375559998E-1,1.125539429E1,-2.732717285E0,1.158482098E1
7.046294417E0,7.710466003E-1,1.570070023E1,-5.038372650E0,1.650732260E1
7.056374417E0,8.593629456E-1,2.229852997E1,-6.297105103E0,2.318655809E1
7.066453417E0,2.941383362E-1,3.067705673E1,-4.370162201E0,3.098816943E1
7.076532417E0,-1.035696259E0,3.855906601E1,2.402503967E-1,3.857372109E1
7.086611417E0,-8.526269531E-1,4.331362885E1,4.469555511E0,4.355197289E1
7.096691417E0,-2.995271301E-1,4.272759750E1,7.738457794E0,4.342373814E1
7.106770417E0,3.020718384E-1,4.032838669E1,5.329068146E0,4.068008097E1
7.116849417E0,1.068328400E0,3.898073914E1,2.724334717E-1,3.899632764E1
7.126929417E0,5.099894714E-1,3.816688156E1,1.164129181E0,3.818803653E1
7.137008417E0,-4.848417664E-1,3.741484543E1,5.365442505E0,3.780071035E1
7.147087417E0,1.347198486E-2,3.516981400E1,6.454727325E0,3.575723008E1
7.157167417E0,1.657652893E0,3.100382721E1,4.262086945E0,3.133928046E1
7.167246417E0,2.139351196E0,2.517779251E1,1.788480835E0,2.533173352E1
7.177325417E0,1.451980591E0,1.849823273E1,1.131646729E-1,1.855547542E1
7.187405417E0,8.394543457E-1,1.151450546E1,-1.269809418E0,1.161468620E1
7.197484417E0,2.245330811E-1,4.878205719E0,-2.452799377E0,5.464753510E0
7.207563417E0,-2.683918762E-1,-1.030457153E0,-2.768941956E0,2.966633732E0
7.217643417E0,-5.733078003E-1,-5.142855377E0,-2.152523804E0,5.604551899E0
7.227722417E0,-6.007008362E-1,-7.623047791E0,-1.296304321E0,7.755778749E0
7.237801417E0,-2.134561157E-1,-8.786278839E0,-1.646875305E0,8.941837486E0
7.247880417E0,-2.031275940E-1,-8.771609344E0,-2.690056000E0,9.177079742E0
7.257960417E0,-3.192860413E-1,-8.118218079E0,-3.223247223E0,8.740522353E0
7.268039417E0,3.068618774E-2,-6.707701263E0,-3.207529907E0,7.435216607E0
7.278118417E0,4.999603271E-1,-4.904401245E0,-2.131717072E0,5.370971009E0
7.288198417E0,9.312135315E-1,-3.178789673E0,-2.974314880E-1,3.325707130E0
7.298277417E0,9.166937256E-1,-1.892065430E0,1.199455719E0,2.420523290E0
7.308356417E0,1.188378754E0,-9.343569946E-1,2.383044434E0,2.822085723E0
7.318436417E0,1.249751129E0,-2.664459229E-1,3.748654633E0,3.960464981E0
7.328515417E0,7.192543030E-1,3.270698547E-1,4.575535126E0,4.643255661E0
7.338594417E0,1.212478638E-2,7.831713867E-1,4.529880066E0,4.597098851E0
7.348674417E0,-1.197509766E-1,8.460406494E-1,3.821553040E0,3.915915309E0
7.358753417E0,-6.526428223E-2,5.688171387E-1,2.320923615E0,2.390501786E0
7.368832417E0,1.122665405E-2,3.278182983E-2,8.231382751E-1,8.238672867E-1
7.378912417E0,-1.990859985E-2,-3.945794678E-1,-3.188369751E-1,5.076872319E-1
7.388991417E0,3.891906738E-3,-6.382727051E-1,-1.324146423E0,1.469956103E0
7.399070417E0,7.244934082E-2,-7.026388550E-1,-2.105820923E0,2.221133050E0
7.409150417E0,6.496490479E-2,-7.322772217E-1,-2.481539612E0,2.588143971E0
7.419229417E0,4.415817261E-2,-3.556604004E-1,-2.335443420E0,2.362782308E0
7.429308417E0,-1.722917175E-1,4.462220764E-1,-1.703307953E0,1.769196586E0
7.439387417E0,-3.867956543E-1,1.234632568E0,-8.855584717E-1,1.567846378E0
7.449467417E0,-4.281097412E-1,2.079924774E0,-4.935237122E-1,2.180121710E0
7.459546417E0,-4.963677979E-1,2.946472778E0,-1.522334290E-1,2.991865278E0
7.469625417E0,-5.469625854E-1,3.947740631E0,3.502716064E-2,3.985605483E0
7.479705417E0,-5.447172546E-1,5.431604919E0,2.231858826E-1,5.463411098E0
7.489784417E0,2.484832764E-2,7.506739655E0,6.092330933E-1,7.531462185E0
7.499863417E0,6.647676086E-1,1.017703674E1,1.381776581E0,1.029190455E1
7.509943417E0,1.064286804E0,1.379546219E1,1.292562103E0,1.389669746E1
7.520022417E0,1.876497803E0,1.907887527E1,2.462379456E-1,1.917251572E1
7.530101417E0,2.445764008E0,2.660447571E1,-1.761237488E0,2.677464933E1
7.540181417E0,1.899400177E0,3.563354965E1,-1.535506897E0,3.571715783E1
7.550260417E0,1.222956848E-1,4.280169342E1,2.201771393E0,4.285846140E1
7.560339417E0,-2.835104370E-1,4.474974243E1,7.827223206E0,4.543000384E1
7.570419417E0,1.134640503E-1,4.172468307E1,1.025008484E1,4.296540807E1
7.580498417E0,1.617087250E0,3.885470123E1,4.781506805E0,3.918118919E1
7.590577417E0,2.296973419E0,3.727653305E1,-1.456471252E0,3.737562457E1
7.600656417E0,3.559597778E-1,3.528881653E1,-2.786904602E0,3.540048187E1
7.610736417E0,-1.107546844E0,3.302971436E1,-1.321302338E0,3.307468111E1
7.620815417E0,-1.135688324E0,3.008249313E1,6.186634827E-1,3.011027940E1
7.630894417E0,-1.023721161E0,2.586800720E1,1.536105652E0,2.593378920E1
7.640974417E0,-1.148561554E0,2.081915634E1,2.160457306E0,2.096244356E1
7.651053417E0,-1.110839996E0,1.511691422E1,2.395917664E0,1.534586206E1
7.661132417E0,-5.616320801E-1,8.773405609E0,1.081950073E0,8.857691152E0
7.671212417E0,2.553689575E-1,2.420915680E0,-5.930667114E-1,2.505548674E0
7.681291417E0,7.491920471E-1,-2.676134949E0,-1.330283661E0,3.081013081E0
7.691370417E0,1.105151825E0,-6.509513397E0,-1.684896240E0,6.814249817E0
7.701450417E0,1.130898285E0,-8.497229919E0,-3.110681305E0,9.119110999E0
7.711529417E0,6.950047302E-1,-8.666378174E0,-5.015769653E0,1.003728486E1
7.721608417E0,2.790197754E-1,-8.095465393E0,-5.236261139E0,9.645353424E0
7.731688417E0,-3.620970154E-1,-6.918912048E0,-3.427871704E0,7.729991113E0
7.741767417E0,-6.222560120E-1,-4.187541962E0,-8.250842285E-1,4.313174493E0
7.751846417E0,-2.326162720E-1,-2.257904663E0,2.373464355E0,3.284140199E0
7.761926417E0,-3.038681030E-2,-1.140777740E0,5.125341797E0,5.250850002E0
7.772005417E0,4.462220764E-1,-1.475930786E-1,6.168971558E0,6.186849597E0
7.782084417E0,1.079704742E0,4.794529724E-1,5.644761658E0,5.767059186E0
7.792163417E0,1.142873383E0,2.067201233E-1,3.941453705E0,4.109008407E0
7.802243417E0,6.972500610E-1,-5.354365540E-1,1.980980530E0,2.167287201E0
7.812322417E0,3.603007507E-1,-1.000968475E0,5.397775269E-1,1.192943544E0
7.822401417E0,-9.355545044E-2,-1.436263275E0,-7.053332520E-1,1.602841169E0
7.832481417E0,-3.722758484E-1,-1.942660217E0,-1.705702972E0,2.611884503E0
7.842560417E0,-3.221301270E-1,-2.224823456E0,-2.273322601E0,3.197124157E0
7.852639417E0,4.340972900E-3,-2.150727539E0,-2.472857666E0,3.277296573E0
7.862719417E0,3.409909058E-1,-1.711840210E0,-2.107018433E0,2.736091807E0
7.872798417E0,4.245172119E-1,-1.114282837E0,-1.495839386E0,1.912949705E0
7.882877417E0,3.269201660E-1,-4.486170959E-1,-8.303233337E-1,9.987847277E-1
7.892957417E0,2.368075562E-1,2.025288391E-1,-8.187973022E-2,3.221801352E-1
7.903036417E0,2.664459229E-1,8.135581970E-1,4.171824646E-1,9.523190529E-1
7.913115417E0,3.327580261E-1,1.535506897E0,5.727090454E-1,1.672275392E0
7.923195417E0,4.451742554E-1,2.105820923E0,7.448510742E-1,2.277600711E0
7.933274417E0,5.498066711E-1,3.084934845E0,1.008153534E0,3.291729625E0
7.943353417E0,6.825805664E-1,4.909640350E0,1.268462219E0,5.116588805E0
7.953432792E0,5.824388123E-1,7.397915955E0,1.212628326E0,7.519232866E0
7.963512792E0,6.637197876E-1,1.044093796E1,1.841171265E-2,1.046202888E1
7.973591792E0,1.296004944E0,1.458102859E1,-1.998643799E0,1.477432234E1
7.983670792E0,2.002386017E0,2.007116180E1,-4.006867676E0,2.056492340E1
7.993750792E0,1.823657684E0,2.718526794E1,-4.993765411E0,2.770022046E1
8.003829792E0,4.661306763E-1,3.476909729E1,-2.724334717E0,3.487878157E1
8.013908792E0,-1.191971283E0,4.199307495E1,1.290017395E0,4.202979044E1
8.023988792E0,-2.769540710E0,4.533652222E1,5.330115967E0,4.573270972E1
8.034067792E0,-1.959275665E0,4.254273193E1,6.493197327E0,4.307997694E1
8.044146792E0,1.070124664E0,3.974834290E1,8.173004150E-1,3.977114418E1
8.054226792E0,2.423759766E0,3.839276184E1,-1.744172974E0,3.850871216E1
8.064305792E0,1.550775146E0,3.689617401E1,1.429377594E0,3.695640243E1
8.074384792E0,1.509910126E0,3.578099304E1,5.478607178E0,3.622946906E1
8.084464792E0,2.149380341E0,3.201347763E1,6.093378754E0,3.265902403E1
8.094543792E0,2.185006256E0,2.678455124E1,3.372636566E0,2.708433338E1
8.104622792E0,1.765877838E0,2.041529617E1,8.523275757E-1,2.050924437E1
8.114702792E0,1.156195679E0,1.445289505E1,-6.596781921E-1,1.451406694E1
8.124781792E0,9.503736877E-1,8.473279724E0,-1.479673004E0,8.653849527E0
8.134860792E0,9.324110413E-1,2.710263977E0,-2.131417694E0,3.571815023E0
8.144939792E0,4.831951904E-1,-2.487377472E0,-2.380350037E0,3.476577423E0
8.155019792E0,-2.218386841E-1,-6.310726776E0,-2.373314667E0,6.745895593E0
8.165098792E0,-4.158352661E-1,-8.256680145E0,-2.854713593E0,8.746146333E0
8.175177792E0,-1.037342834E-1,-8.823701019E0,-4.023782501E0,9.698416680E0
8.185257792E0,1.579216003E-1,-8.200846252E0,-4.797523499E0,9.502370768E0
8.195336792E0,5.882766724E-2,-6.490951996E0,-3.917503510E0,7.581738076E0
8.205415792E0,-7.963439941E-2,-4.322261810E0,-1.304387512E0,4.515497268E0
8.215495792E0,-1.728904724E-1,-2.291584625E0,1.825004883E0,2.934602875E0
8.225574792E0,-1.419049072E-1,-4.357438660E-1,4.899012451E0,4.920399650E0
8.235653792E0,1.384620667E-1,7.216493225E-1,6.955735474E0,6.994441040E0
8.245733792E0,3.908372498E-1,1.219514008E0,7.024741974E0,7.140515946E0
8.255812792E0,2.691403198E-1,9.416917419E-1,5.555846558E0,5.641511395E0
8.265891792E0,-1.305285645E-1,1.538800049E-1,3.767365723E0,3.772765730E0
8.275971792E0,-5.400769043E-1,-6.655160522E-1,2.261197815E0,2.418183251E0
8.286050792E0,-8.488847351E-1,-1.606010284E0,5.186714172E-1,1.889151758E0
8.296129792E0,-1.093326416E0,-2.373614044E0,-1.307081909E0,2.921963278E0
8.306209792E0,-1.053060150E0,-2.845732269E0,-2.490371246E0,3.925439692E0
8.316288792E0,-6.737489319E-1,-2.924618225E0,-2.702330475E0,4.038554120E0
8.326367792E0,-1.941462708E-1,-2.676883392E0,-2.636916504E0,3.762542507E0
8.336446792E0,2.478845215E-1,-2.240840149E0,-2.627486115E0,3.462151728E0
8.346526792E0,5.204676819E-1,-1.590442657E0,-2.286644897E0,2.833573599E0
8.356605792E0,6.587800598E-1,-7.235952759E-1,-1.748963013E0,2.004109007E0
8.366684792E0,6.951544189E-1,3.779640198E-1,-1.138532410E0,1.386489277E0
8.376764792E0,8.050259399E-1,1.574725342E0,-4.270619202E-1,1.819397854E0
8.386843792E0,8.261320496E-1,2.903811493E0,2.510279846E-1,3.029460414E0
8.396922792E0,8.345146179E-1,4.477489014E0,6.643185425E-1,4.602786291E0
8.407002792E0,5.301974487E-1,6.561754761E0,6.054908752E-1,6.610926870E0
8.417081792E0,2.270777893E-1,9.256451111E0,3.468287659E-1,9.265729420E0
8.427160792E0,1.048719177E0,1.254451355E1,-4.613406372E-1,1.259672447E1
8.437240792E0,1.397044830E0,1.671124878E1,-2.641107788E0,1.697624871E1
8.447319792E0,1.824406128E0,2.138093811E1,-4.785398712E0,2.198574568E1
8.457398792E0,1.948049011E0,2.763672913E1,-5.441184998E0,2.823455659E1
8.467478792E0,1.344204712E0,3.500201294E1,-3.124452667E0,3.516688784E1
8.477557792E0,7.066804504E-1,4.210369492E1,2.065704346E0,4.216026159E1
8.487636792E0,1.109043732E0,4.338443161E1,7.874824219E0,4.410727537E1
8.497716792E0,3.195854187E0,4.141288147E1,9.528435516E0,4.261491897E1
8.507795792E0,5.845643921E0,4.010071014E1,5.212760010E0,4.085843088E1
8.517874792E0,6.572532349E0,3.943594254E1,2.735261993E0,4.007335029E1
8.527953792E0,4.996609497E0,3.783711731E1,4.658462677E0,3.844885990E1
8.538033792E0,4.080514526E0,3.514511536E1,6.562353516E0,3.598463861E1
8.548112792E0,3.925886078E0,3.075384705E1,5.036726074E0,3.140987582E1
8.558191792E0,3.090772705E0,2.515039948E1,1.370400238E0,2.537663229E1
8.568271792E0,1.352287903E0,1.898831360E1,-1.324745178E0,1.908244444E1
8.578350792E0,-1.347198486E-1,1.240021362E1,-1.923799438E0,1.254928092E1
8.588429792E0,-1.186732178E0,6.417903900E0,-2.986439667E0,7.177509709E0
8.598509792E0,-2.125430145E0,1.341510315E0,-4.056863708E0,4.772341813E0
8.608588792E0,-3.012186127E0,-2.618953857E0,-2.898722076E0,4.933028912E0
8.618667792E0,-2.002685394E0,-6.161038055E0,-8.907975769E-1,6.539316404E0
8.628747792E0,-1.095871124E0,-8.446784821E0,-1.578018494E0,8.662519823E0
8.638826792E0,-4.194277954E-1,-9.633666687E0,-3.052901459E0,1.011452722E1
8.648905792E0,2.293231201E-1,-9.845775604E0,-3.722908173E0,1.052862439E1
8.658985792E0,6.897656250E-1,-8.846453705E0,-3.223396912E0,9.440646557E0
8.669064792E0,9.785151672E-1,-6.857689362E0,-1.423988800E0,7.071996848E0
8.679143792E0,1.177750854E0,-4.999453583E0,8.860075378E-1,5.212162944E0
8.689223792E0,1.157991943E0,-3.309916992E0,2.515069885E0,4.315329925E0
8.699302792E0,9.503736877E-1,-2.124981079E0,3.572770386E0,4.264204845E0
8.709381792E0,6.801855469E-1,-1.275946655E0,4.393663330E0,4.625469674E0
8.719460792E0,4.543052673E-1,-6.318360901E-1,4.472998352E0,4.540189906E0
8.729540792E0,3.661386108E-1,-4.182302856E-1,3.288661194E0,3.335306058E0
8.739619792E0,1.188528442E-1,-5.779481506E-1,1.839225311E0,1.931553729E0
8.749698792E0,-3.076103210E-1,-6.941065979E-1,7.511380005E-1,1.067996430E0
8.759778792E0,-6.420149231E-1,-4.448748779E-1,-2.549198914E-1,8.216331112E-1
8.769857792E0,-7.978408813E-1,-4.364923096E-1,-9.449848938E-1,1.311515176E0
8.779936792E0,-9.635462952E-1,-6.137237549E-1,-1.485361176E0,1.873866626E0
8.790016792E0,-8.488847351E-1,-3.405418396E-1,-1.714534607E0,1.943245470E0
8.800095792E0,-7.051835632E-1,1.722917175E-1,-1.380878448E0,1.560062045E0
8.810174792E0,-4.784051514E-1,7.911048889E-1,-9.924362183E-1,1.356336272E0
8.820254792E0,-2.219883728E-1,1.361568604E0,-6.408174133E-1,1.521116319E0
8.830333792E0,-5.373825073E-2,1.907034302E0,-2.757266235E-1,1.927613239E0
8.840412792E0,1.743873596E-1,2.422262878E0,-2.885998535E-1,2.445620224E0
8.850492792E0,4.216731262E-1,3.154689789E0,-3.040177917E-1,3.197233602E0
8.860571792E0,5.117857361E-1,4.104913788E0,1.002914429E-2,4.136706713E0
8.870650792E0,6.050418091E-1,5.510191498E0,2.637515259E-1,5.549581137E0
8.880730792E0,8.237370300E-1,7.526797943E0,1.137634277E-2,7.571747446E0
8.890809792E0,1.311572571E0,1.017434235E1,-1.090182953E0,1.031629602E1
8.900888792E0,1.889969788E0,1.399844009E1,-3.447181549E0,1.453999214E1
8.910967792E0,2.733016663E0,1.949081863E1,-6.239624634E0,2.064689581E1
8.921047792E0,3.303779755E0,2.718451950E1,-7.009922791E0,2.826750924E1
8.931126792E0,2.781216431E0,3.675636475E1,-2.782863007E0,3.696633388E1
8.941205792E0,1.485959930E0,4.442596573E1,4.468657379E0,4.467486325E1
8.951286042E0,2.275118866E0,4.646472610E1,1.200009567E1,4.804320175E1
8.961365042E0,3.632795563E0,4.463268585E1,1.234408035E1,4.645051313E1
8.971444042E0,6.144123230E0,4.240696426E1,5.899831238E0,4.325400417E1
8.981524042E0,5.568121033E0,3.995416489E1,2.829565887E0,4.043940784E1
8.991603042E0,2.791994019E0,3.762605621E1,4.662803650E0,3.801653686E1
9.001682042E0,2.148033142E0,3.493824554E1,6.495592346E0,3.560179445E1
9.011762042E0,1.265917511E0,3.061987564E1,4.567302246E0,3.098450550E1
9.021841042E0,8.734336853E-1,2.481494705E1,1.493444366E0,2.487518562E1
9.031920042E0,3.504212952E-1,1.869776779E1,-4.713697815E-1,1.870699080E1
9.042000042E0,-5.180726624E-1,1.228540237E1,-1.921554108E0,1.244555668E1
9.052079042E0,-9.626481628E-1,6.115832062E0,-2.637515259E0,6.729530447E0
9.062158042E0,-8.036787415E-1,5.134323120E-1,-2.758014679E0,2.918245574E0
9.072238042E0,-7.306306458E-1,-4.041445770E0,-2.545157318E0,4.831659221E0
9.082317042E0,-8.780740356E-1,-7.167245636E0,-2.182760925E0,7.543531618E0
9.092396042E0,-6.007008362E-1,-9.076375580E0,-3.164269867E0,9.630889832E0
9.102476042E0,-1.842668152E-1,-9.691895599E0,-4.830754395E0,1.083065015E1
9.112555042E0,-8.771759033E-2,-9.328750763E0,-5.209915924E0,1.068534085E1
9.122634042E0,7.319778442E-2,-7.798333282E0,-4.087100830E0,8.804757413E0
9.132713042E0,1.004411316E-1,-5.793552246E0,-2.108515320E0,6.166131113E0
9.142793042E0,2.694396973E-2,-3.766168213E0,2.174977112E-1,3.772539495E0
9.152872042E0,2.225871277E-1,-1.873803406E0,2.480791168E0,3.116890927E0
9.162951042E0,8.631051636E-1,-3.827540588E-1,4.331243134E0,4.432958186E0
9.173031042E0,1.164278870E0,4.863386536E-1,5.337151337E0,5.484273422E0
9.183110042E0,1.270557861E0,6.331832886E-1,4.935237122E0,5.135348460E0
9.193189042E0,8.815168762E-1,3.379971313E-1,3.365301819E0,3.495221080E0
9.203269042E0,4.087998962E-1,1.115180969E-1,1.920057220E0,1.966258724E0
9.213348042E0,-1.387614441E-1,1.787283325E-1,3.314108276E-1,4.012875427E-1
9.223427042E0,-8.101153564E-1,4.921765137E-1,-9.783654785E-1,1.362249471E0
9.233507042E0,-9.976753235E-1,9.427395630E-1,-1.279389496E0,1.876419840E0
9.243586042E0,-2.268083496E0,1.150208130E0,-1.549128571E0,2.977747608E0
9.253665042E0,-1.164129181E0,1.783990173E0,-6.837780762E-1,2.237268456E0
9.263745042E0,-9.969268799E-2,3.081492004E0,-9.175918579E-1,3.216754020E0
9.273824042E0,1.095721436E-1,3.295696564E0,-1.008303223E0,3.448231037E0
9.283903042E0,-1.444496155E-1,3.523522797E0,-1.515897675E0,3.838492458E0
9.293983042E0,3.059637451E-1,4.053420868E0,-1.972148895E0,4.518097588E0
9.304062042E0,1.294657745E0,5.663772125E0,-7.933502197E-2,5.810399935E0
9.314141042E0,3.065625000E0,6.410269775E0,1.854343872E0,7.343582670E0
9.324221042E0,2.973416748E0,6.528074799E0,1.827848969E0,7.402567094E0
9.334300042E0,1.543590088E0,6.784192200E0,8.614585876E-1,7.010709312E0
9.344379042E0,5.195695496E-1,6.609505463E0,4.656816101E-1,6.646230085E0
9.354458042E0,-8.966354370E-2,7.120093689E0,7.694000244E-2,7.121073898E0
9.364538042E0,-7.298822021E-1,8.218359833E0,-8.901988220E-1,8.298591466E0
9.374617042E0,-1.839824066E0,9.495953064E0,-3.012784882E0,1.013089088E1
9.384696042E0,-1.923200684E0,1.080767532E1,-3.724854126E0,1.159219932E1
9.394776042E0,-1.398392029E0,1.315554291E1,-2.658771057E0,1.349417923E1
9.404855042E0,5.688171387E-2,1.632295624E1,1.212478638E-2,1.632305985E1
9.414934042E0,6.262976074E-1,1.859268631E1,1.415456543E0,1.865700271E1
9.425014042E0,-1.833686829E-1,1.872351425E1,-2.074985046E0,1.883903323E1
9.435093042E0,3.145858154E0,1.789543625E1,-5.865702209E0,1.909318005E1
9.445172042E0,4.486769714E0,1.902962769E1,-1.833686829E0,1.963721568E1
9.455252042E0,2.006876678E0,1.913919983E1,4.437671814E0,1.974916341E1
9.465331042E0,5.204676819E-1,1.819481369E1,7.271428986E0,1.960091353E1
9.475410042E0,1.067430267E0,1.724129654E1,5.769302673E0,1.821226419E1
9.485490042E0,1.466500397E0,1.662532745E1,2.232307892E0,1.683850750E1
9.495569042E0,9.934840393E-1,1.691512482E1,4.340972900E-3,1.694427564E1
9.505648042E0,5.818400574E-1,1.761237488E1,-6.563850403E-1,1.763420336E1
9.515728042E0,7.918533325E-2,1.777613434E1,-1.017883301E0,1.780542919E1
9.525807042E0,6.406677246E-2,1.684746552E1,-1.458566895E0,1.691060662E1
9.535886042E0,6.096821594E-1,1.546748520E1,-1.759890289E0,1.557921771E1
9.545965042E0,1.235381012E0,1.438867859E1,-1.720971222E0,1.454379523E1
9.556045042E0,1.811532898E0,1.400562515E1,-1.354533234E0,1.418710498E1
9.566124042E0,1.681603088E0,1.394634842E1,-9.187893677E-1,1.407737891E1
9.576203042E0,9.969268799E-1,1.355042175E1,-5.135820007E-1,1.359674812E1
9.586283042E0,2.890489197E-1,1.298250275E1,-5.418731689E-2,1.298583317E1
9.596362042E0,-1.121168518E-1,1.261561569E1,3.213816833E-1,1.262020664E1
9.606441042E0,-3.372486877E-1,1.247865051E1,5.520520020E-1,1.249540782E1
9.616521042E0,-5.912704468E-1,1.209933929E1,6.084846497E-1,1.212905049E1
9.626600042E0,-6.750961304E-1,1.160581558E1,7.204518127E-1,1.164773630E1
9.636679042E0,-6.119274902E-1,1.114477432E1,6.632707214E-1,1.118125118E1
9.646759042E0,-3.728746033E-1,1.075049423E1,5.331912231E-1,1.077016502E1
9.656838042E0,-9.924362183E-2,1.046548691E1,3.782633972E-1,1.047279088E1
9.666917042E0,-6.137237549E-3,9.968071289E0,1.197509766E-3,9.968073250E0
9.676997042E0,1.151106262E-1,9.396859131E0,-3.927832031E-1,9.405769008E0
9.687076042E0,9.101074219E-2,8.793463898E0,-6.801855469E-1,8.820200828E0
9.697155042E0,-4.685256958E-2,8.350834351E0,-6.611750793E-1,8.377098662E0
9.707235042E0,-1.228944397E-1,8.203989716E0,-6.429130554E-1,8.230059993E0
9.717314042E0,-8.846603394E-2,8.002059631E0,-6.839277649E-1,8.031720972E0
9.727393042E0,-1.624122620E-1,7.957452393E0,-7.384144592E-1,7.993289826E0
9.737473042E0,-6.047424316E-2,8.007897491E0,-7.635621643E-1,8.044445695E0
9.747552042E0,-9.400451660E-2,8.177943878E0,-8.539741516E-1,8.222948059E0
9.757631042E0,-2.210902405E-1,8.352181549E0,-6.891668701E-1,8.383481884E0
9.767711042E0,-1.910028076E-1,8.490793304E0,-4.016148376E-1,8.502431857E0
9.777790042E0,2.071691895E-1,8.406817932E0,-1.167721710E0,8.490057762E0
9.787869042E0,5.456153870E-1,8.424930267E0,-1.037342834E-1,8.443216624E0
9.797948042E0,1.248403931E-1,8.902437286E0,1.715133362E0,9.067009276E0
9.808028042E0,-1.707948303E-1,9.414073334E0,2.424957275E0,9.722878452E0
9.818107042E0,-1.095721436E-1,9.747430115E0,1.948797455E0,9.940936144E0
9.828186042E0,-2.520758057E-1,9.679022369E0,1.359472961E0,9.777278914E0
9.838266042E0,-5.463638306E-1,9.616153107E0,9.122030640E-1,9.674762449E0
9.848345042E0,-6.649172974E-1,9.599837036E0,-1.561253357E-1,9.624103140E0